date,supplier,category,amount_gbp,business_use,notes
2025-04-07,Adobe,Software,59.98,1.0,Creative Cloud monthly
2025-04-19,Cass Art,Materials,84.20,1.0,Inks and paper
2025-05-02,Wacom,Equipment,449.00,1.0,Drawing tablet
2025-05-14,Trainline,Travel,72.40,1.0,Client meeting in London
2025-06-03,BT,Phone and broadband,48.00,0.4,Home broadband
2025-06-21,Royal Mail,Postage,31.50,1.0,Print orders
2025-07-11,Apple,Equipment,1899.00,0.9,MacBook Pro
2025-08-08,Squarespace,Software,216.00,1.0,Portfolio site annual
2025-09-15,Pret,Subsistence,9.85,0.0,Lunch while working at home
2025-10-02,Cass Art,Materials,126.75,1.0,Gouache set
2025-11-20,Insurance Direct,Insurance,186.00,1.0,Professional indemnity
2026-01-09,Trainline,Travel,58.10,1.0,Book fair in Bologna (UK leg)
2026-02-14,Amazon,Office,64.99,1.0,Desk lamp
2026-03-03,Accountant,Accountancy,420.00,1.0,Year-end accounts
